Year,Month,Title,Total Authors,China Authors,Unknown Authors,Other Authors,Access Type
2026,3,Integration of Near-Proximal and Proximal Lidar Sensing for Fine-Resolution Forest Inventory,7,2,5,0,Open Access content
2026,3,"Review of NASA Earth Observations, Recent Science, and Practical Applications",2,0,2,0,Open Access content
2026,3,Remote Sensing’s Role in Assessing the Risks of Climate Extremes,1,0,1,0,Subscribed content
2026,3,Detecting Altimetric Changes in Arctic Landscapes Using Historical Aerial Imagery-Derived Digital El,3,0,3,0,Open Access content
2026,3,Urban Heat Island Studies Using Satellite Imagery Coupled with Field Measurements: A Case Study from,5,1,4,0,Open Access content
2026,2,An Efficient Multi-Scale Transformer Network with Fusion-Attention for Point Cloud-Semantic Segmenta,8,6,2,0,Subscribed content
2026,2,Graph Neural Network-Based Land Cover-Classification of Remote Sensing Images Using Multi-Scale and ,4,4,0,0,Subscribed content
2026,2,Probabilistic Uncertainty-Guided Salient Object Detection in Remote Sensing Images,6,6,0,0,Subscribed content
2026,2,Accuracy Evaluation of Airborne and Terrestrial Point Cloud Registration,1,0,1,0,Open Access content
2026,1,RSIDetNet: An Efficient Oriented Small Object Detection Model for Remote Sensing Images Based on Cro,7,6,1,0,Open Access content
2026,1,Comparison of Intertidal Terrain Extraction Methods Based on ICESat‐2 and Tidal Data,6,5,1,0,Open Access content
2026,1,Optimized 3D Building Mapping and Reconstruction via Cross-View Collaboration in Densely Built-Up Ar,7,7,0,0,Open Access content
2026,1,A Lightweight YOLO-Based Algorithm for Digital Target Recognition Integrating Positional Enhancement,4,4,0,0,Subscribed content
2025,12,A Novel Multi-level Feature Collaborative Matching Network for Optical and Synthetic Aperture Radar ,5,4,1,0,Subscribed content
2025,12,Joint Detection and Parameters Regression of Detailed Windows based on Facade Textures via an Adapti,8,7,1,0,Subscribed content
2025,12,Evaluating Three-Dimensional Elevation Program Lidar Consistency and Accuracy at Scale Using Cloud-N,3,0,3,0,Open Access content
2025,12,ETF-MNet:A Multi-Scale Fusion Network for Enhancing Target Features for Remote Sensing Images,6,6,0,0,Subscribed content
2025,12,Assessing the Accuracy of a 2021 Kansas‐Oklahoma Tallgrass Ecosystem Burn Area Map,6,0,5,1,Open Access content
2025,11,An Efficient Irregular Texture Nesting Method via Hybrid NFP-SADE with Adaptive Container Resizing,5,4,1,0,Open Access content
2025,11,Thermal Point Cloud Generation and Evaluation from Uncalibrated Unmanned Aerial Vehicle–Visible and ,7,6,1,0,Subscribed content
2025,11,Landsat-Derived Rainfed and Irrigated-Area Product for Conterminous United States for the Year 2020 ,11,1,10,0,Open Access content
2025,11,Novel Spatiotemporal ConvLSTM-Based Cellular Automata Model for Simulating Urban Expansion,4,4,0,0,Subscribed content
2025,10,Global Multi-Scale Fusion Self-Calibration Network for Remote Sensing Object Detection,8,8,0,0,Subscribed content
2025,10,MRTD-Based Effective Range Analysis of Airborne Infrared Imaging Systems for Ship Detection: Optimiz,9,8,1,0,Open Access content
2025,10,Convolutional Neural Networks for Land Use and Land Cover Multi-class Maps from Historical Aerial Ph,1,0,1,0,Open Access content
2025,10,Thirty Years of the U.S. National Land Cover Database: Impacts and Future Direction,10,1,7,2,Open Access content
2025,9,Crack Parameter Determination Based on Multiple-Window Matching Strategy and Crack Grid Geometry Ana,13,11,1,1,Subscribed content
2025,9,LFSA‐YOLOv7: A Novel Method for Ship Detection in Remote Sensing Images with Complex Backgrounds,7,7,0,0,Subscribed content
2025,9,Lightweight and Accurate Video Synthetic Aperture Radar Target Detection Network,4,4,0,0,Subscribed content
2025,8,Hierarchical Multi-Scale Cross Interaction Network for Enhanced Hyperspectral Image Classification,4,4,0,0,Subscribed content
2025,8,Efficient Coral Survey Using Aerial Remote Sensing and Multi-modal Segmentation for Large-Scale Ecol,6,3,3,0,Open Access content
2025,8,On the Transferability of Semantic Segmentation for Very-High-Resolution Remote Sensing Data of Mult,3,3,0,0,Open Access content
2025,7,Combined Use of Satellite Observations and the RIM for Assessing Recovery from Natural Disasters,6,5,1,0,Open Access content
2025,7,Analysis of Landslide Susceptibility of the Darjeeling District Using a Frequency Ratio Model and Ge,2,0,1,1,Subscribed content
2025,7,Leadership in COVID-19: Mitigation Strategies across Top 30 Gross Domestic Product Countries,2,0,2,0,Subscribed content
2025,7,Lyme Disease Risk Map and Prioritizing Areas for Vaccine Deployment,2,0,2,0,Subscribed content
2025,7,Enhancing Residential Building Identification in a Coastal Texas City: An Integrated Framework Lever,3,3,0,0,Subscribed content
2025,7,Spatiotemporal Continuous Shallow Water Bathymetry from a Kriged Kalman Filter,6,4,2,0,Open Access content
2025,6,Texture-Semantic Point: Registration for Point Clouds of Porcelain Relics,6,5,1,0,Subscribed content
2025,6,A High-Quality Underwater 3D Reconstruction Solution for Coral Reef Environments Leveraging Advanced,6,4,2,0,Open Access content
2025,6,Phase Center Extraction of Corner Reflector Points in Single-Look Complex Image,6,6,0,0,Subscribed content
2025,5,PROSAIL Modeling Coupled with Environmental Stress: Remote Sensing Retrieval of Multiple Dry Matters,9,8,1,0,Subscribed content
2025,5,Wave Period and Direction Inversion from Marine X-band Radar Images using Spatiotemporal Feature Joi,5,2,3,0,Subscribed content
2025,5,Improving Crop Classification by Integrating Phenology Using Random Forests: Assessing the Role of F,5,3,2,0,Open Access content
2025,4,Sat2building: Lod-2 Building Reconstruction from Satellite Imagery Using Spatial Embeddings,5,1,3,1,Open Access content
2025,4,The Aboveground Carbon Stock of Moso Bamboo Forests Is Significantly Reduced byPantana phyllostachys,9,8,1,0,Subscribed content
2025,4,Cost-Effective High-Definition Building Mapping: Box-Supervised Rooftop Delineation Using High- Reso,5,4,1,0,Subscribed content
2025,3,Accuracy Assessment of Dense Point Cloud Generated by Deep Learning and Semiglobal Matching,1,0,0,1,Subscribed content
2025,3,A Comparative Study of Deep Learning Methods for Automated Road Network Extraction from High-Spatial,8,7,1,0,Open Access content
2025,3,Real-time Vanishing Point Tracking in Manhattan World Using Improved BaySAC,4,4,0,0,Subscribed content
2025,2,Spatiotemporal Behavior of Active Forest Fires Using Time-Series MODIS C6 Data,2,0,2,0,Open Access content
2025,2,Artificial Neural Network Multi-layer Perceptron Models to Classify California's Crops using Harmoni,6,0,6,0,Open Access content
2025,2,Individual Tree Segmentation Using Deep Learning and Climbing Algorithm: A Method for Achieving High,4,4,0,0,Open Access content
2025,2,Lightweight Ship Object Detection Algorithm for Remote Sensing Images Based on Multi-scale Perceptio,4,3,1,0,Open Access content
2025,1,Landslide Evolution Assessment Based on Sequential InSAR Methods in the Kunming Transmission Line Co,8,7,1,0,Subscribed content
2025,1,Adaptive Orientation Object-Detection Method for Large-scale Remote Sensing Images Based on Multi-sc,4,3,1,0,Subscribed content
2025,1,RSODNet: Lightweight Remote Sensing Image Object Detection Combined with BCDNS Compression Algorithm,5,4,1,0,Subscribed content
2025,1,Monitoring and Predictive Analysis of Surface Deformation Using Combined SBAS-InSAR Technology and C,2,2,0,0,Subscribed content
2024,12,Remote Sensing Tailing Pond Image–Detection Method Based on YOLOv8-RVSW,2,1,1,0,Subscribed content
2024,12,Monitoring LULC Changes in Babil Province for Sustainable Development Purposes Within the Period 200,2,0,2,0,Open Access content
2024,12,Image Fusion in Remote Sensing: An Overview and Meta-Analysis,3,2,1,0,Open Access content
2024,11,Morphology-Based Feature Extraction Network for Arbitrary-Oriented SAR Vehicle Detection,2,2,0,0,Subscribed content
2024,11,Spatial-Spectral Middle Cross-Attention Fusion Network for Hyperspectral Image Superresolution,5,4,1,0,Subscribed content
2024,11,Machine Learning and New-Generation Spaceborne Hyperspectral Data Advance Crop Type Mapping,7,0,7,0,Open Access content
2024,11,A Variable-Iterative Fully Convolutional Neural Network for Sparse Unmixing,6,6,0,0,Subscribed content
2024,10,Attention Heat Map-Based Black-Box Local Adversarial Attack for Synthetic Aperture Radar Target Reco,4,3,1,0,Subscribed content
2024,10,Exploring the Potential of the Hyperspectral Remote Sensing Data China OrbitaZhuhai-1in Land Cover C,6,6,0,0,Subscribed content
2024,10,Teacher-Student Prototype Enhancement Network for a Few-Shot Remote Sensing Scene Classification,3,3,0,0,Subscribed content
2024,10,Bank Line Extraction by Integration of Orthoimages and Lidar Digital Elevation Model Using Principal,1,0,1,0,Open Access content
2024,9,Development of an Automatic Feature Point Classification Method for Three-Dimensional Mapping Around,4,0,4,0,Subscribed content
2024,9,Semantic Segmentation of Point Cloud Scene via Multi-Scale Feature Aggregation and Adaptive Fusion,6,6,0,0,Subscribed content
2024,9,A Robust Star Identification Algorithm for Resident Space Object Surveillance,6,5,1,0,Subscribed content
2024,9,Wavelets for Self-Calibration of Aerial Metric Camera Systems,3,1,2,0,Subscribed content
2024,8,Research Progress of Optical Satellite Remote Sensing Monitoring Asphalt Pavement Aging,7,6,1,0,Subscribed content
2024,8,Mapping Winter Wheat Using Ensemble‐Based Positive Unlabeled Learning Approach,5,5,0,0,Subscribed content
2024,8,Building Shadow Detection Based on Improved Quick Shift Algorithm in GF‐2 Images,5,5,0,0,Subscribed content
2024,8,Hyperspectral Reflectance Assessment for Preliminary Identification of Degraded Soil Zones in Indust,4,0,3,1,Subscribed content
2024,8,One-Dimensional-Mixed Convolution Neural Network and Covariance Pooling Model for Mineral Mapping of,4,1,2,1,Open Access content
2024,7,ReLAP-Net: Residual Learning and Attention Based Parallel Network for Hyperspectral and Multispectra,4,0,3,1,Subscribed content
2024,7,Assessing the Utility of Uncrewed Aerial System Photogrammetrically Derived Point Clouds for Land Co,3,2,1,0,Open Access content
2024,7,Enhancing Forest‐Steppe Ecotone Mapping Accuracy through Synthetic ApertureRadar‐Optical Remote Sens,5,5,0,0,Open Access content
2024,7,Dynamic Monitoring of Ecological Quality in Eastern Ukraine Amidst the Russia‐Ukraine Conflict,5,5,0,0,Subscribed content
2024,7,A Surface Water Extraction Method Integrating Spectral and Temporal Characteristics,1,1,0,0,Subscribed content
2024,6,Real-Time Semantic Segmentation of Remote Sensing Images for Land Management,7,6,1,0,Subscribed content
2024,6,Land Use Change in the Yangtze River Economic Belt during 2010 to 2020 and Future Comprehensive Pred,5,5,0,0,Subscribed content
2024,6,An Improved YOLO Network for Insulator and Insulator Defect Detection in UAV Images,8,8,0,0,Subscribed content
2024,6,Monitoring an Ecosystem in Crisis: Measuring Seagrass Meadow Loss Using Deep Learning in Mosquito La,5,0,5,0,Open Access content
2024,6,Real-Time Cross-View Image Matching and Camera Pose Determination for Unmanned Aerial Vehicles,4,4,0,0,Open Access content
2024,5,A Pixel Texture Index Algorithm and Its Application,2,2,0,0,Subscribed content
2024,5,Parcel-Level Crop Classification in Plain Fragmented Regions Based on Multi-Source Remote Sensing Im,4,4,0,0,Subscribed content
2024,5,Evaluation of SMAP and CYGNSS Soil Moistures in Drought Prediction Using Multiple Linear Regression ,5,1,4,0,Subscribed content
2024,5,Debris Flow Susceptibility Evaluation Based on Multi-level Feature Extraction CNN Model: A Case Stud,5,5,0,0,Subscribed content
2024,4,Using Improved YOLOv5 and SegFormer to Extract Tailings Ponds from Multi-Source Data,5,5,0,0,Subscribed content
2024,4,GDP Spatialization in City of Zhengzhou Based on NPP/VIIRS Night-time Light and Socioeconomic Statis,5,2,2,1,Subscribed content
2024,4,"Monitoring Based on InSAR for the Xinmo Village Landslide in Western Sichuan, China",6,6,0,0,Subscribed content
2024,4,Investigation of Underwater Photogrammetry Method with Cost-Effective Action Cameras and Comparative,2,0,1,1,Open Access content
2024,3,Scan Angle Analysis of Airborne Lidar Data for Missing Return Approximation in Urban Areas,2,0,2,0,Subscribed content
2024,3,"Assessment, Specification, and Validation of a Geolocation System's Accuracy and Predicted Accuracy",3,0,3,0,Open Access content
2024,3,A Keyframe Extraction Approach for 3D Videogrammetry Based on Baseline Constraints,3,3,0,0,Subscribed content
2024,3,Extraction of Terraces in Hilly Areas from Remote Sensing Images Using DEM and Improved U-Net,5,5,0,0,Subscribed content
2024,2,"Remote Sensing Application in Water Quality of Lake Burdur, Türkiye",4,0,4,0,Subscribed content
2024,2,The Sight-Aesthetic Value of the Underwater Landscapes of Lakes in the Context of Exploration Touris,4,0,4,0,Open Access content
2024,2,Crop Monitoring System Using MODIS Time-Series Data for Within-Season Prediction of Yield and Produc,1,0,0,1,Open Access content
2024,2,A Few-Shot Semi-Supervised Learning Method for Remote Sensing Image Scene Classification,6,4,2,0,Subscribed content
2024,1,Terrain Complexity and Maximal Poisson-Disk Sampling-Based Digital Elevation Model Simplification,8,4,4,0,Subscribed content
2024,1,I2-FaçadeNet: An Illumination-invariant Façade Recognition Network Leveraging Sparsely Gated Mixture,3,3,0,0,Subscribed content
2024,1,Development of Soil-Suppressed Impervious Surface Area Index for Automatic Urban Mapping,7,1,5,1,Subscribed content
2024,1,Dual-branch Branch Networks Based on Contrastive Learning for Long-Tailed Remote Sensing,6,6,0,0,Subscribed content
2024,1,Comparison of 3D Point Cloud Completion Networks for High Altitude Lidar Scans of Buildings,1,0,1,0,Subscribed content
2023,12,IMU and Bluetooth Data Fusion to Achieve Submeter Position Accuracy in Indoor Positioning,1,0,1,0,Subscribed content
2023,12,Rice Identification Under Complex Surface Conditions with CNN and Integrated Remote Sensing Spectral,6,6,0,0,Subscribed content
2023,12,Combination of Terrestrial Laser Scanning and Unmanned Aerial Vehicle Photogrammetry for Heritage Bu,5,0,2,3,Open Access content
2023,12,Quantifying Impacts of Regional Multiple Factors on Spatiotemporal the Mechanisms for Spatio-tempora,4,4,0,0,Subscribed content
2023,11,Identification of Critical Urban Clusters for Placating Urban Heat Island Effects over Fast-Growing ,3,0,3,0,Subscribed content
2023,11,A Novel Object Detection Method for Solid Waste Incorporating a Weighted Deformable Convolution,8,7,1,0,Subscribed content
2023,11,An Integrated Approach for Wildfire Photography Telemetry using WRF Numerical Forecast Products,2,1,1,0,Subscribed content
2023,11,A Powerful Correspondence Selection Method for Point Cloud Registration Based on Machine Learning,4,3,1,0,Subscribed content
2023,11,Self-Calibration of the Stereo Vision System on the Chang’E-5 Probe Based on Images and Robot Arm Fo,8,8,0,0,Subscribed content
2023,10,Mapping Lotus Wetland Distribution with the Phenology Normalized Lotus Index Using SAR Time-Series I,3,3,0,0,Open Access content
2023,10,The FABDEM Outperforms the Global DEMs in Representing Bare Terrain Heights,3,1,2,0,Open Access content
2023,10,Evaluating Surface Mesh Reconstruction Using Real Data,5,0,4,1,Open Access content
2023,10,Different Urbanization Levels Lead to Divergent Responses of Spring Phenology,5,4,1,0,Open Access content
2023,9,Effect of Latitude As a Significant Element on the Results of Direct UTM Coordinates Transformation ,2,0,0,2,Open Access content
2023,9,CFAR Edge Detection Using Hysteresis Thresholding for Polarimetric SAR Imagery,6,5,1,0,Open Access content
2023,9,Leveraging NAIP Imagery for Accurate Large-Area Land Use/land Cover Mapping: A Case Study in Central,6,0,6,0,Open Access content
2023,9,DORSL-FIN: A Self-supervised Neural Network for Recovering Missing Bathymetry from ICESat-2,2,0,2,0,Open Access content
2023,8,Edge Detection Method for High-Resolution Remote Sensing Imagery by Combining Superpixels with Dual-,5,5,0,0,Open Access content
2023,8,Expansion of Urban Impervious Surfaces in Lahore (1993–2022) Based on Gee and Remote Sensing Data,6,1,3,2,Open Access content
2023,8,Small Object Detection in Remote Sensing Images Based on Window Self-Attention Mechanism,4,4,0,0,Open Access content
2023,8,Application of Improved YOLO V5s Model for Regional Poverty Assessment Using Remote Sensing Image Ta,2,1,1,0,Open Access content
2023,7,A Lightweight Conditional Convolutional Neural Network for Hyperspectral Image Classification,3,3,0,0,Open Access content
2023,7,Multi-Level Perceptual Network for Urban Building Extraction from High-Resolution Remote Sensing Ima,4,4,0,0,Open Access content
2023,7,Classifying Building Roof Damage Using High Resolution Imagery for Disaster Recovery,9,1,7,1,Open Access content
2023,7,Estimation of the Forest Stand Biomass and Greenhouse Gas Emissions Using Lidar Surveys,2,0,2,0,Open Access content
2023,6,3D Scene Modeling Method and Feasibility Analysis of River Water-Land Integration,4,3,1,0,Open Access content
2023,6,High-Resolution Aerosol Optical Depth Retrieval in Urban Areas Based on Sentinel-2,6,5,1,0,Open Access content
2023,6,Change Detection in SAR Images through Clustering Fusion Algorithm and Deep Neural Networks,5,4,1,0,Open Access content
2023,6,Strategies for Forest Height Estimation by High-Precision DEM Combined with Short-Wavelength PolInSA,4,3,1,0,Open Access content
2023,5,Automatic Satellite Images Orthorectification Using K–Means Based Cascaded Meta-Heuristic Algorithm,3,0,3,0,Subscribed content
2023,5,UAS-Based Multi-Temporal Rice Plant Height Change Prediction,6,5,1,0,Subscribed content
2023,5,Spherical Hough Transform for Robust Line Detection Toward a 2D–3D Integrated Mobile Mapping System,8,7,1,0,Subscribed content
2023,5,Blind and Robust Watermarking Algorithm for Remote Sensing Images Resistant to Geometric Attacks,5,4,1,0,Subscribed content
2023,4,GPU-Accelerated PCG Method for the Block Adjustment of Large-Scale High-Resolution Optical Satellite,7,5,1,1,Subscribed content
2023,4,Identification of Drought Events in Major Basins of Africa from GRACE Total Water Storage and Modele,3,1,2,0,Subscribed content
2023,4,Lightweight Parallel Octave Convolutional Neural Network for Hyperspectral Image Classification,6,6,0,0,Subscribed content
2023,4,Model-Driven Precise Degradation Analysis Method of Highway Marking Using Mobile Laser Scanning Poin,7,5,2,0,Subscribed content
2023,2,UAS Edge Computing of Energy Infrastructure Damage Assessment,7,1,5,1,Subscribed content
2023,2,Apricot Tree Detection from UAV-Images Using Mask R-CNN and U-Net,5,0,5,0,Subscribed content
2023,2,Comparative Analysis of Different CNN Models for Building Segmentation from Satellite and UAV Images,3,0,3,0,Subscribed content
2023,2,Unmanned Aerial Vehicle (UAV)–Based Imaging Spectroscopy for Predicting Wheat Leaf Nitrogen,17,0,16,1,Subscribed content
2023,2,Car Detection from Very High-Resolution UAV Images Using Deep Learning Algorithms,4,0,1,3,Subscribed content
2023,1,Exploring the Addition of Airborne Lidar-DEM and Derived TPI for Urban Land Cover and Land Use Class,2,0,2,0,Subscribed content
2023,1,A Machine Learning Method for Building Height Estimation Based on Sentinel-2 Bi-Temporal Images,3,3,0,0,Subscribed content
2023,1,Generation of High-Resolution Orthomosaics from Historical Aerial Photographs Using Structure-from-M,2,0,2,0,Subscribed content
2023,1,The Cellular Automata Approach in Dynamic Modelling of Land Use Change Detection and Future Simulati,6,1,3,2,Subscribed content
2022,12,Automatic Registration Method of Multi-Source Point Clouds Based on Building Facades Matching in Urb,4,3,1,0,Subscribed content
2022,12,The Simulation and Prediction of Land Surface Temperature Based on SCP and CA-ANN Models Using Remot,5,1,2,2,Subscribed content
2022,12,Permanganate Index Variations and Factors in Hongze Lake from Landsat-8 Images Based on Machine Lear,6,5,1,0,Subscribed content
2022,12,Exploring Spatiotemporal Variations and Driving Factors of Urban Comprehensive Carrying Capacity in ,4,3,1,0,Subscribed content
2022,11,Development of Technique for Vehicle Specific Off-Road Trafficability Assessment Using Soil Cone Ind,2,0,1,1,Subscribed content
2022,11,The Use of Indices and Modified U-Net Network in Improving the Classification of Planting Structures,7,6,1,0,Subscribed content
2022,11,Managing Earth Hazards Using the Deep Reinforcement Learning Algorithm for the Industrial Internet o,1,1,0,0,Subscribed content
2022,11,New Generation Hyperspectral Sensors DESIS and PRISMA Provide Improved Agricultural Crop Classificat,2,0,2,0,Subscribed content
2022,11,Foreground-Aware Refinement Network for Building Extraction from Remote Sensing Images,5,4,1,0,Subscribed content
2022,10,Novel Residual Attitude Estimation Approach Using Georeferenced Satellite Imagery,2,0,2,0,Subscribed content
2022,10,Efficient Building Inventory Extraction from Satellite Imagery for Megacities,6,3,3,0,Subscribed content
2022,10,A Semi-Supervised Learning Method for Hyperspectral-Image Open Set Classification,5,5,0,0,Subscribed content
2022,10,The Fractional Vegetation Cover (FVC) and Associated Driving Factors of Modeling in Mining Areas,5,5,0,0,Subscribed content
2022,9,Impact of Spatial Configuration of Urban Green Space and Urban Impervious Surface on Land Surface Te,6,6,0,0,Subscribed content
2022,9,Long-Term Changes of Land Use and Land Cover in the Yangtze River Basin from 1990–2020 Landsat Data,2,2,0,0,Subscribed content
2022,9,A Boundary-Based Ground-Point Filtering Method for Photogrammetric Point-Cloud Data,2,0,2,0,Subscribed content
2022,9,Deep Learning–Based Monitoring Sustainable Decision Support System for Energy Building to Smart Citi,4,2,2,0,Subscribed content
2022,9,Transformer for the Building Segmentation of Urban Remote Sensing,4,4,0,0,Subscribed content
2022,8,"Incorporation of Digital Elevation Model, Normalized Difference Vegetation Index, and Landsat-8 Data",4,0,2,2,Subscribed content
2022,8,Monitoring Environment Transformation Along the BTIC Railway Based on Remote Sensing by Utilizing th,7,7,0,0,Subscribed content
2022,8,A Matching Optimization Algorithm About Low-Altitude Remote Sensing Images Based on Geometrical Cons,3,3,0,0,Subscribed content
2022,8,TPPI: A Novel Network Framework and Model for Efficient Hyperspectral Image Classification,4,4,0,0,Subscribed content
2022,7,Hydrological Topography Data Set (HTD)— the Data Set for High Resolution 2D Urban Flood Modeling,5,1,4,0,Subscribed content
2022,7,Improving Land Cover Classification Over a Large Coastal City Through Stacked Generalization with Fi,2,1,1,0,Subscribed content
2022,7,Evaluation of Urban Vegetation Phenology Using 250 m MODIS Vegetation Indices,3,3,0,0,Subscribed content
2022,7,Monocular Video Frame Optimization Through Feature-Based Parallax Analysis for 3D Pipe Reconstructio,9,8,1,0,Subscribed content
2022,7,Monitoring and Analysis of Urban Sprawl Based on Road Network Data and High-Resolution Remote Sensin,3,2,1,0,Subscribed content
2022,5,Smartphone Digital Photography for Fractional Vegetation Cover Estimation,7,4,3,0,Subscribed content
2022,5,A Low-Cost and Portable Indoor 3D Mapping Approach Using Biaxial Line Laser Scanners and a One-Dimen,4,4,0,0,Subscribed content
2022,5,Alternative Procedure to Improve the Positioning Accuracy of Orthomosaic Images Acquired with Agisof,4,0,2,2,Subscribed content
2022,5,Robust Dynamic Indoor Visible Light Positioning Method Based on CMOS Image Sensor,4,4,0,0,Subscribed content
2022,5,Comparing the Sensitivity of Pixel-Based and Sub-Watershed-Based Analytic Hierarchy Process to Weigh,7,7,0,0,Subscribed content
2022,4,Research on Machine Intelligent Perception of Urban Geographic Location Based on High Resolution Rem,3,3,0,0,Subscribed content
2022,4,Identifying the Driving Factors of Urban Land Surface Temperature,6,5,1,0,Subscribed content
2022,4,Urban Land Cover/Use Mapping and Change Detection Analysis Using Multi-Temporal Landsat OLI with Lid,2,0,2,0,Subscribed content
2022,4,Use of Commercial Satellite Imagery to Monitor Changing Arctic Polygonal Tundra,4,0,3,1,Subscribed content
2022,4,An Evaluation of Pan-Sharpening Methods forSuperView-1Satellite Imagery,5,4,1,0,Subscribed content
2022,4,Floating Solar Park Impacts Urban Land Surface Temperature Distribution Pattern,4,1,3,0,Subscribed content
2022,3,Potential of Open Source Remote Sensing Data for Improved Spatiotemporal Monitoring of Inland Water ,4,0,2,2,Subscribed content
2022,3,Automated 3D Reconstruction of LoD2 and LoD1 Models for All 10 Million Buildings of the Netherlands,5,0,4,1,Subscribed content
2022,3,"Dynamic Linkage Between Urbanization, Electrical Power Consumption, and Suitability Analysis Using R",3,2,0,1,Subscribed content
2022,3,An Optimal GeoAI Workflow for Pan-Arctic Permafrost Feature Detection from High-Resolution Satellite,6,0,5,1,Subscribed content
2022,3,"Assessing the Impact of Land Use Changes on Net Primary Productivity in Wuhan, China",6,6,0,0,Subscribed content
2022,3,Information Extraction from High-Resolution Remote Sensing Images Based on Multi-Scale Segmentation ,5,5,0,0,Subscribed content
2022,2,Spatiotemporal Temperature Fusion Based on a Deep Convolutional Network,4,4,0,0,Subscribed content
2022,2,Three-Dimensional Point Cloud Analysis for Building Seismic Damage Information,8,8,0,0,Subscribed content
2022,2,Effectiveness of Deep Learning Trained on SynthCity Data for Urban Point-Cloud Classification,3,2,1,0,Subscribed content
2022,2,Estimating the Aboveground Biomass of Urban Trees by Combining Optical and Lidar Data: A Case Study ,4,3,1,0,Subscribed content
2022,2,Cloud Detection in ZY-3 Multi-Angle Remote Sensing Images,6,5,1,0,Subscribed content
2022,1,Improving Urban Land Cover Mapping with the Fusion of Optical and SAR Data Based on Feature Selectio,5,3,2,0,Subscribed content
2022,1,Examining the Integration of Landsat Operational Land Imager with Sentinel-1 and Vegetation Indices ,2,0,2,0,Subscribed content
2022,1,Augmented Sample-Based Real-Time Spatiotemporal Spectral Unmixing,2,1,1,0,Subscribed content
2022,1,Effect of Locust Invasion and Mitigation Using Remote Sensing Techniques: A Case Study of North Sind,3,1,1,1,Subscribed content
2022,1,Sensing and Human Factors Research: A Review,2,0,2,0,Subscribed content
2022,1,Multi-View Urban Scene Classification with a Complementary-Information Learning Model,3,2,1,0,Subscribed content
2021,12,Semi-Automated Roller Parameters Extraction from Terrestrial Lidar,3,0,3,0,Subscribed content
2021,12,UAV Remote Sensing Assessment of Crop Growth,4,1,1,2,Subscribed content
2021,12,"MSegnet, a Practical Network for Building Detection from High Spatial Resolution Images",6,6,0,0,Subscribed content
2021,12,"Estimation of Rock Characteristics Based on Polarization Spectra: Surface Roughness, Composition, an",6,6,0,0,Subscribed content
2021,12,Automatic Registration of Mobile Mapping System Lidar Points and Panoramic-Image Sequences by Relati,6,6,0,0,Subscribed content
2021,12,Dense Bathymetry in Turbid Coastal Zones Using Airborne Hyperspectral Images,4,0,4,0,Subscribed content
2021,11,The Analysis on the Annual Change of Digital Aerial Camera's IMUs Boresight Misalignment,3,0,0,3,Subscribed content
2021,11,Spectral Probability Distribution of Closed Connected Water and Remote Sensing Statistical Inference,6,5,1,0,Subscribed content
2021,11,A Method of Extracting High-Accuracy Elevation Control Points from ICESat-2 Altimetry Data,6,5,1,0,Subscribed content
2021,11,Diffuse Attenuation Coefficient (Kd) fromICESat-2ATLAS Spaceborne Lidar Using Random-Forest Regressi,2,0,2,0,Subscribed content
2021,11,Improving Remote Sensing Multiple Classification by Data and Ensemble Selection,3,2,1,0,Subscribed content
2021,11,Persistent Scatterer Interferometry for Pettimudi (India) Landslide Monitoring using Sentinel-1A Ima,3,1,0,2,Subscribed content
2021,10,System Calibration Including Time Delay Estimation for GNSS/INS-Assisted Pushbroom Scanners Onboard ,4,1,2,1,Subscribed content
2021,10,Least Squares Adjustment with a Rank-Deficient Weight Matrix and Its Applicability to Image/Lidar Da,2,0,2,0,Subscribed content
2021,10,Spectral Reflectance Estimation of UAS Multispectral Imagery Using Satellite Cross-Calibration Metho,8,2,5,1,Subscribed content
2021,10,Early Classification Method for US Corn and Soybean by Incorporating MODIS-Estimated Phenological Da,1,0,0,1,Subscribed content
2021,10,A Deep Multi-Modal Learning Method and a New RGB-Depth Data Set for Building Roof Extraction,2,1,1,0,Subscribed content
2021,10,Feature-Point Matching for Aerial and Ground Images by Exploiting Line Segment-Based Local-Region Co,6,5,1,0,Subscribed content
2021,9,Gaussian Mixture Model of Ground Filtering Based on Hierarchical Curvature Constraints for Airborne ,9,7,2,0,Subscribed content
2021,9,Detecting Geo-Positional Bias in Imagery Collected Using Small UASs,3,0,3,0,Subscribed content
2021,9,Double Adaptive Intensity-Threshold Method for Uneven Lidar Data to Extract Road Markings,7,5,2,0,Subscribed content
2021,9,Estimating Regional Soil Moisture with Synergistic Use of AMSR2 and MODIS Images,3,0,2,1,Subscribed content
2021,9,Optimal Regularization Method Based on the L-Curve for Solving Rational Function Model Parameters,7,7,0,0,Subscribed content
2021,9,Scene-Change Detection Based on Multi-Feature-Fusion Latent Dirichlet Allocation Model for High-Spat,4,3,1,0,Subscribed content
2021,8,Semi-Centennial of Landsat Observations & Pending Landsat 9 Launch,8,0,7,1,Subscribed content
2021,8,Spinor-Based Attitude Determination with Star Sensor Considering Depth,6,4,1,1,Subscribed content
2021,8,Digital Building-Height Preparation from Satellite Stereo Images,2,0,2,0,Subscribed content
2021,8,Enhanced Lunar Topographic Mapping Using Multiple Stereo Images Taken by Yutu-2 Rover with Changing ,10,9,1,0,Subscribed content
2021,8,Unsupervised Representation High-Resolution Remote Sensing Image Scene Classification via Contrastiv,5,5,0,0,Subscribed content
2021,7,Three-Dimensional Reconstruction of Single Input Image Based on Point Cloud,7,6,1,0,Subscribed content
2021,7,A Unified Framework of Bundle Adjustment and Feature Matching for High-Resolution Satellite Images,3,3,0,0,Subscribed content
2021,7,"The Spatiotemporal Evolution of Urban Impervious Surface for Chengdu, China",10,10,0,0,Subscribed content
2021,7,Optimizing the Segmentation of a High-Resolution Image by Using a Local Scale Parameter,4,4,0,0,Subscribed content
2021,7,Review of Spectral Indices for Urban Remote Sensing,9,3,6,0,Subscribed content
2021,6,Spatial Resolution Enhancement for Large-Scale Land Cover Mapping via Weakly Supervised Deep Learnin,5,3,1,1,Subscribed content
2021,6,Ecological Functions and Human Activity Interference Evaluation in Ecological Protection Redline for,6,6,0,0,Subscribed content
2021,6,A High-Resolution Satellite DEM Filtering Method Assisted with Building Segmentation,8,7,1,0,Subscribed content
2021,6,A Combined Unmixing Framework for Impervious Surface Mapping on Medium-Resolution Images with Visibl,2,2,0,0,Subscribed content
2021,6,An Incremental Isomap Method for Hyperspectral Dimensionality Reduction and Classification,12,12,0,0,Subscribed content
2021,5,Inversion of Solar-Induced Chlorophyll Fluorescence Using Polarization Measurements of Vegetation,6,4,2,0,Subscribed content
2021,5,Quality Assessment of Heterogeneous Training Data Sets for Classification of Urban Area with Landsat,4,3,1,0,Subscribed content
2021,5,Comparative Assessment of Target-Detection Algorithms for Urban Targets Using Hyperspectral Data,2,0,2,0,Subscribed content
2021,5,A Real-Time Photogrammetric System for Acquisition and Monitoring of Three-Dimensional Human Body Ki,4,4,0,0,Subscribed content
2021,5,Modeling Hyperhemispherical Points and Calibrating a Dual-Fish-Eye System for Close-Range Applicatio,5,0,4,1,Subscribed content
2021,4,A Digital Terrain Modeling Method in Urban Areas by the ICESat-2 (Generating precise terrain surface,4,2,2,0,Subscribed content
2021,4,A Novel Class-Specific Object-Based Method for Urban Change Detection Using High-Resolution Remote S,6,5,1,0,Subscribed content
2021,4,Discovering Potential Illegal Construction Within Building Roofs from UAV Images Using Semantic Segm,6,6,0,0,Subscribed content
2021,4,Error Analysis and Optimization of a Sky Full-Polarization Imaging Detection System,5,5,0,0,Subscribed content
2021,4,Parsing of Urban Facades from 3D Point Clouds Based on a Novel Multi-View Domain,4,4,0,0,Subscribed content
2021,4,Scene Classification of Remotely Sensed Images via Densely Connected Convolutional Neural Networks a,6,6,0,0,Subscribed content
2021,3,Extraction of Impervious Surface Using Sentinel-1A Time-Series Coherence Images with the Aid of a Se,4,3,1,0,Subscribed content
2021,3,Road Extraction fromCartosat-2FMultispectral Data with Object-Oriented Analysis,3,0,2,1,Subscribed content
2021,3,Digital Surface Model Refinement Based on Projected Images,2,2,0,0,Subscribed content
2021,3,Remote Sensing for Ecosystem Services and Urban Sustainability,1,0,1,0,Subscribed content
2021,3,Monitoring Work Resumption of Wuhan in the COVID-19 Epidemic Using Daily Nighttime Light,4,4,0,0,Subscribed content
2021,3,Progressive TIN Densification with Connection Analysis for Urban Lidar Data,4,4,0,0,Subscribed content
2021,2,Monitoring the Spatiotemporal Dynamics of Urban Green Space and Its Impacts on Thermal Environment i,4,3,1,0,Subscribed content
2021,2,A Soil and Impervious Surface Adjusted Index for Urban Impervious Surface Area Mapping,3,3,0,0,Subscribed content
2021,2,Reclaimed-Airport Surface-Deformation Monitoring by Improved Permanent-Scatterer Interferometric Syn,7,6,1,0,Subscribed content
2021,2,Fully Convolutional Neural Network for Impervious Surface Segmentation in Mixed Urban Environment,5,0,3,2,Subscribed content
2021,2,An Improved GPU-Based Parallel Computing Method for Landscape Index Calculation in Urban Area,4,3,1,0,Subscribed content
2021,2,Exploring the Performance of Different Texture Information and Polarization Features from PolSAR Ima,3,2,1,0,Subscribed content
2021,1,SIP-Based Inversion Model of Mining-Induced 3D Deformation,5,5,0,0,Subscribed content
2021,1,Building Extraction from Lidar Data Using Statistical Methods,1,0,0,1,Subscribed content
2021,1,Georeferencing with Self-Calibration for Airborne Full-Waveform Lidar Data Using Digital Elevation M,2,2,0,0,Subscribed content
2021,1,An Improved Approach Based on Terrain-dependent Mathematical Models for Georeferencing Pushbroom Sat,4,0,3,1,Subscribed content
2021,1,Dynamic Spatial Fusion of Cloud Vertical Phase fromCALIPSOandCloudSatSatellite Data,6,6,0,0,Subscribed content
2020,12,Turbid Underwater Polarization Patterns Considering Multiple Mie Scattering of Suspended Particles,5,4,1,0,Subscribed content
2020,12,Polarization of Light Reflected by Grass: Modeling Using Visible-Sunlit Areas,3,3,0,0,Subscribed content
2020,12,Calibration of Frequency Shift System of Wind Imaging Interferometer,6,5,1,0,Subscribed content
2020,12,Optimal Demodulation Algorithm of Spatially Modulated Full-Polarization Imaging System,8,8,0,0,Subscribed content
2020,12,Sensitive Research of Scattering and Absorbing Aerosols on Sky Polarization Pattern,6,5,1,0,Subscribed content
2020,11,Building Facade Reconstruction Using Crowd- Sourced Photos and Two-Dimensional Maps,6,4,2,0,Subscribed content
2020,11,"VNIR-SWIR Superspectral Mineral Mapping: An Example from Cuprite, Nevada",2,0,1,1,Subscribed content
2020,11,A New Approach to Land Registry System in Turkey: Blockchain-Based System Proposal,4,0,1,3,Subscribed content
2020,10,Uncertainty of Forested Wetland Maps Derived from Aerial Photography,5,0,3,2,Subscribed content
2020,10,Weighted Spherical Sampling of Point Clouds for Forested Scenes,3,0,1,2,Subscribed content
2020,10,Redefining the Directional-Hemispherical Reflectance and Transmittance of Needle-Shaped Leaves to Ad,5,5,0,0,Subscribed content
2020,10,Pavement Macrotexture Determination Using Multi-View Smartphone Images,8,7,1,0,Subscribed content
2020,9,Heliport Detection Using Artificial Neural Networks,1,0,0,1,Subscribed content
2020,9,Semi-Automatic Building Extraction from WorldView-2 Imagery Using Taguchi Optimization,2,0,2,0,Subscribed content
2020,9,Precise Extraction of Citrus Fruit Trees from a Digital Surface Model Using a Unified Strategy: Dete,2,0,1,1,Subscribed content
2020,9,Performance Analysis of Advanced Decision Forest Algorithms in Hyperspectral Image Classification,2,0,2,0,Subscribed content
2020,9,Analyzing the Contribution of Training Algorithms on Deep Neural Networks for Hyperspectral Image Cl,3,0,1,2,Subscribed content
2020,8,"History of Laser Scanning, Part 2: The Later Phase of Industrial and Heritage Applications",1,0,1,0,Open Access content
2020,8,Study on Global Burned Forest Areas Based on Landsat Data,9,8,1,0,Subscribed content
2020,8,Mapping Understory Invasive Plants in Urban Forests with Spectral and Temporal Unmixing of Landsat I,2,0,1,1,Subscribed content
2020,7,"A History of Laser Scanning, Part 1: Space and Defense Applications",1,0,1,0,Subscribed content
2020,7,Improved Crop Classification with Rotation Knowledge using Sentinel-1 and -2 Time Series,4,1,3,0,Subscribed content
2020,7,Improved Depth Estimation for Occlusion Scenes Using a Light-Field Camera,6,5,1,0,Subscribed content
2020,6,Trajectory Drift–Compensated Solution of a Stereo RGB-D Mapping System,9,9,0,0,Subscribed content
2020,6,The Geometric Imaging Model for High-Resolution Optical Remote Sensing Satellites Considering Light ,4,4,0,0,Subscribed content
2020,6,Using 250-m MODIS Data for Enhancing Spatiotemporal Fusion by Sparse Representation,3,3,0,0,Subscribed content
2020,5,Geomorphic Change Detection Using Cost-Effective Structure-from-Motion Photogrammetry: Evaluation of,4,0,3,1,Subscribed content
2020,5,An Improved Method of Refining Relative Orientation in Global Structure from Motion with a Focus on ,2,1,1,0,Subscribed content
2020,5,Improving Component Substitution Pan-Sharpening Through Refinement of the Injection Detail,4,4,0,0,Subscribed content
2020,4,Satellite-Imagery Geometric Accuracy Improvement Based on Direct Correction of Dominant Coefficients,6,6,0,0,Subscribed content
2020,4,Temporal Validation of Four LAI Products over Grasslands in the Northeastern Tibetan Plateau,4,3,1,0,Subscribed content
2020,4,Building Extraction from High-Resolution Remote Sensing Images Based on GrabCut with Automatic Selec,6,4,2,0,Subscribed content
2020,4,Topographic and Geomorphological Mapping and Analysis of the Chang'E-4 Landing Site on the Far Side ,15,14,1,0,Subscribed content
2020,3,Edge-Reinforced Convolutional Neural Network for Road Detection in Very-High-Resolution Remote Sensi,5,4,1,0,Subscribed content
2020,3,The Application of Bidirectional Reflectance Distribution Function Data to Recognize the Spatial Het,3,3,0,0,Subscribed content
2020,3,Self-Calibration of the Stereo Vision System of the Chang'e-4 Lunar Rover Based on the Points and Li,8,7,1,0,Subscribed content
2020,3,Reducing Shadow Effects on the Co-Registration of Aerial Image Pairs,6,0,6,0,Subscribed content
2020,3,Assessment of Salt Marsh Change on Assateague Island National Seashore Between 1962 and 2016,2,1,1,0,Subscribed content
2020,2,Using Ranked Probability Skill Score (RPSS) as Nonlocal Root-Mean-Square Errors (RMSEs) for Mitigati,1,0,0,1,Subscribed content
2020,2,Economy Estimation of Mainland China at County-Level Based on Landsat Images and Multi-Task Deep Lea,4,4,0,0,Subscribed content
2020,2,Multi-Spatial Resolution Satellite and sUAS Imagery for Precision Agriculture on Smallholder Farms i,7,1,6,0,Subscribed content
2020,2,Quintuple Local Coordinate Images for Local Shape Description,4,4,0,0,Subscribed content
2020,1,Application of PCA Analysis and QR Decomposition to Address RFM's Ill-Posedness,4,0,4,0,Subscribed content
2020,1,3D Iterative Spatiotemporal Filtering for Classification of Multitemporal Satellite Data Sets,6,4,2,0,Subscribed content
2020,1,Robust Pose Estimation and Calibration of Catadioptric Cameras With Spherical Mirrors,3,0,3,0,Subscribed content
2019,12,A Learning Approach to Evaluate the Quality of 3D City Models,4,0,4,0,Subscribed content
2019,12,An Optimization Method for Hyperspectral Endmember Extraction Based on K-SVD,4,4,0,0,Subscribed content
2019,12,A Comparative Assessment of the Photogrammetric Accuracy of Mapping Using UAVs with Smart Devices,5,0,1,4,Subscribed content
2019,12,Cost-Effective Coastal Habitat Mapping: Detecting Intertidal Polychaete Aggregations with Low-Altitu,6,0,4,2,Subscribed content
2019,12,A Two-Stage Spatiotemporal Fusion Method for Remote Sensing Images,2,2,0,0,Subscribed content
2019,11,Soil Moisture Retrieval Using Modified Particle Swarm Optimization and Back-Propagation Neural Netwo,5,5,0,0,Subscribed content
2019,11,Scattering-Mechanism-Based Investigation of Optimal Combinations of Polarimetric SAR Frequency Bands,3,2,1,0,Subscribed content
2019,11,On-Orbit Calibration Approach Based on Partial Calibration-Field Coverage for the GF-1/WFV Camera,5,4,1,0,Subscribed content
2019,11,Semiautomatically Register MMS LiDAR Points and Panoramic Image Sequence Using Road Lamp and Lane,3,2,1,0,Subscribed content
2019,11,A Double-Strategy-Check Active Learning Algorithm for Hyperspectral Image Classification,4,3,1,0,Subscribed content
2019,10,Mapping Annual Urban Change Using Time Series Landsat and NLCD,4,3,1,0,Subscribed content
2019,10,Robust Multisource Remote Sensing Image Registration Method Based on Scene Shape Similarity,5,5,0,0,Subscribed content
2019,10,Accurate Detection of Built-Up Areas from High-Resolution Remote Sensing Imagery Using a Fully Convo,5,4,1,0,Subscribed content
2019,10,Postprocessing Synchronization of a Laser Scanning System Aboard a UAV,4,0,3,1,Subscribed content
2019,10,A CNN-Based Subpixel Level DSM Generation Approach via Single Image Super-Resolution,6,6,0,0,Subscribed content
2019,9,Enhanced 3D Mapping with an RGB-D Sensor via Integration of Depth Measurements and Image Sequences,4,3,1,0,Subscribed content
2019,9,Geometric Calibration for the Aerial Line Scanning Camera GFXJ,7,6,1,0,Subscribed content
2019,9,Collaborative Sparse Coding with Smoothness Regularization for Hyperspectral-Image Classification,4,3,1,0,Subscribed content
2019,9,PPD: Pyramid Patch Descriptor via Convolutional Neural Network,3,2,0,1,Subscribed content
2019,9,How Did Deciduous Rubber Plantations Expand Spatially in China's Xishuangbanna Dai Autonomous Prefec,3,3,0,0,Subscribed content
2019,8,Roof-Cut Guided Localization for Building Change Detection from Imagery and Footprint Map,4,2,2,0,Subscribed content
2019,8,Contextual Global Registration of Point Clouds in Urban Scenes,2,1,1,0,Subscribed content
2019,8,Pavement Marking Retroreflectivity Estimation and Evaluation using Mobile Lidar Data,4,1,2,1,Subscribed content
2019,8,Total Vertical Uncertainty (TVU) Modeling for Topo-Bathymetric LIDAR Systems,5,0,4,1,Subscribed content
2019,8,Exploiting Cosegmentation and Geo-Eco Zoning for Land Cover Product Updating,5,4,1,0,Subscribed content
2019,7,High-Resolution Large-Area Digital Orthophoto Map Generation Using LROC NAC Images,13,9,4,0,Subscribed content
2019,7,Occlusion Probability in Operational Forest Inventory Field Sampling with ForeStereo,6,0,6,0,Subscribed content
2019,7,A Novel Method for Separating Woody and Herbaceous Time Series,3,2,1,0,Subscribed content
2019,7,Examining the Effectiveness of Spectrally Transformed SMA in Urban Environments,2,2,0,0,Subscribed content
2019,6,CNN-Based Dense Image Matching for Aerial Remote Sensing Images,3,2,1,0,Subscribed content
2019,6,Semantic Façade Segmentation from Airborne Oblique Images,3,2,1,0,Subscribed content
2019,6,RoofN3D: A Database for 3D Building Reconstruction with Deep Learning,4,0,3,1,Subscribed content
2019,6,Through-Water Dense Image Matching for Shallow Water Bathymetry,1,0,1,0,Subscribed content
2019,6,Object-Based Point Cloud Analysis for Landslide and Erosion Monitoring,3,0,3,0,Subscribed content
2019,5,Robust Structure From Motion Based on Relative Rotations and Tie Points,3,1,2,0,Subscribed content
2019,5,Flexible Photogrammetric Computations Using Modular Bundle Adjustment: The Chain Rule and the Collin,5,0,4,1,Subscribed content
2019,5,Aiding Indoor Photogrammetry with UWB Sensors,5,0,5,0,Subscribed content
2019,5,DSM Generation from High Resolution Multi-View Stereo Satellite Imagery,2,0,2,0,Subscribed content
2019,5,Self-Supervised Convolutional Neural Networks for Plant Reconstruction Using Stereo Imagery,5,2,3,0,Subscribed content
2019,4,Cloud Detection Method for High Resolution Remote Sensing Imagery Based on the Spectrum and Texture ,5,5,0,0,Open Access content
2019,4,Machine Learning-Based Ensemble Prediction of Water-quality Variables Using Feature-level and Decisi,6,0,5,1,Subscribed content
2019,4,Active-Passive Spaceborne Data Fusion for Mapping Nearshore Bathymetry,2,0,2,0,Subscribed content
2019,4,Vehicle Detection in Aerial Images,5,4,1,0,Subscribed content
2019,4,Integrated Relative Orientation Based on Point and Line Features via Plücker Coordinates,3,2,1,0,Subscribed content
2019,4,A New Pseudorigorous Lidar System Calibration Strategy with Minimal Requirements and Higher Capabili,2,0,2,0,Subscribed content
2019,3,An Image-Pyramid-Based Raster-to-Vector Conversion (IPBRTVC) Framework for Consecutive-Scale Cartogr,3,3,0,0,Subscribed content
2019,3,"Land Cover Classification in Combined Elevation and Optical Images Supported by OSM Data, Mixed-leve",4,0,3,1,Subscribed content
2019,3,Improved Camera Distortion Correction and Depth Estimation for Lenslet Light Field Camera,5,4,1,0,Subscribed content
2019,3,Analysis and Correction of Digital Elevation Models for Plain Areas,6,0,5,1,Subscribed content
2019,3,An Evaluation of Reflectance Calibration Methods for UAV Spectral Imagery,4,0,3,1,Subscribed content
2019,3,Interaction Relationship Between Built-Up Land Expansion and Demographic-Social-Economic Urbanizatio,5,5,0,0,Subscribed content
2019,2,Repeated Structure Detection for 3D Reconstruction of Building Façade from Mobile Lidar Data,7,7,0,0,Subscribed content
2019,2,Landsat Orbital Repeat Frequency and Cloud Contamination: A Case Study for Eastern United States,4,1,2,1,Subscribed content
2019,2,Hierarchical Bayesian Model Based on Robust Fixed Rank Filter for Fusing MODIS SST and AMSR-E SST,6,5,1,0,Subscribed content
2019,2,"Quantification of Airborne Lidar Accuracy in Coastal Dunes (Fire Island, New York)",2,0,1,1,Subscribed content
2019,2,Ground-Level Ozone Concentration and Landscape Patterns in China's Urban Areas,2,2,0,0,Subscribed content
2019,1,Simultaneous Chain-Forming and Generalization of Road Networks,2,0,2,0,Subscribed content
2019,1,Integration of Lidar Data and GIS Data for Point Cloud Semantic Enrichment at the Point Level,3,0,3,0,Subscribed content
2019,1,Assessment of Different Vegetation Parameters for Parameterizing the Coupled Water Cloud Model and A,4,3,1,0,Subscribed content
2019,1,Individual Tree Detection and Crown Delineation with 3D Information from Multi-view Satellite Images,4,4,0,0,Subscribed content
2019,1,The Potential of Multispectral Vegetation Indices Feature Space for Quantitatively Estimating the Ph,7,5,2,0,Subscribed content
